{
  "collection": "@nestjs/schematics",
  "sourceRoot": "src",
  "projects": {
    "db": {
      "type": "library",
      "root": "libs/db",
      "entryFile": "index",
      "sourceRoot": "libs/db/src",
      "compilerOptions": {
        "tsConfigPath": "libs/db/tsconfig.lib.json"
      }
    },
    "common": {
      "type": "library",
      "root": "libs/common",
      "entryFile": "index",
      "sourceRoot": "libs/common/src",
      "compilerOptions": {
        "tsConfigPath": "libs/common/tsconfig.lib.json"
      }
    }
  },
  "compilerOptions": {
    "webpack": true,
    "assets": ["public"]
  }
}